{"cameraMode":{"drawMode":0,"name":"Shaded","section":"Shading Mode"},"sceneLighting":true,"audioPlay":false,"sceneViewState":{"showFog":true,"showMaterialUpdate":false,"showSkybox":true,"showFlares":true,"showImageEffects":true,"showParticleSystems":true,"showVisualEffectGraphs":true,"m_FxEnabled":true},"in2DMode":false,"pivot":{"x":-0.12688463926315309,"y":0.7391029000282288,"z":0.760479211807251},"rotation":{"x":0.1242971122264862,"y":0.4788135886192322,"z":-0.06869634985923767,"w":0.8663526773452759},"size":1.4150229692459107,"orthographic":false}